x_axis,value
1,0.7243959061
2,0.2146656207
3,0.1114321743
4,0.8309550174
5,0.072713333
6,1.3561052434
7,0.0684266629
8,1.8710275199
9,0.8110686526
10,0.4577198019
11,0.7350051926
12,0.6880171963
13,1.9394372862
14,1.1145643979
15,2.4470744345
16,1.3994092537
17,2.6826166212
18,0.7670548682
19,0.5011975705
20,0.4508128347
